Frame,System,Number
0,NaCl_1264_wo_rw_run2,0
1,NaCl_1264_wo_rw_run2,0
2,NaCl_1264_wo_rw_run2,1
3,NaCl_1264_wo_rw_run2,1
4,NaCl_1264_wo_rw_run2,2
5,NaCl_1264_wo_rw_run2,4
6,NaCl_1264_wo_rw_run2,1
7,NaCl_1264_wo_rw_run2,1
8,NaCl_1264_wo_rw_run2,1
9,NaCl_1264_wo_rw_run2,1
10,NaCl_1264_wo_rw_run2,1
11,NaCl_1264_wo_rw_run2,1
12,NaCl_1264_wo_rw_run2,1
13,NaCl_1264_wo_rw_run2,1
14,NaCl_1264_wo_rw_run2,2
15,NaCl_1264_wo_rw_run2,1
16,NaCl_1264_wo_rw_run2,0
17,NaCl_1264_wo_rw_run2,0
18,NaCl_1264_wo_rw_run2,0
19,NaCl_1264_wo_rw_run2,1
20,NaCl_1264_wo_rw_run2,0
21,NaCl_1264_wo_rw_run2,0
22,NaCl_1264_wo_rw_run2,4
23,NaCl_1264_wo_rw_run2,3
24,NaCl_1264_wo_rw_run2,0
25,NaCl_1264_wo_rw_run2,8
26,NaCl_1264_wo_rw_run2,12
27,NaCl_1264_wo_rw_run2,1
28,NaCl_1264_wo_rw_run2,8
29,NaCl_1264_wo_rw_run2,0
30,NaCl_1264_wo_rw_run2,7
31,NaCl_1264_wo_rw_run2,0
32,NaCl_1264_wo_rw_run2,0
33,NaCl_1264_wo_rw_run2,0
34,NaCl_1264_wo_rw_run2,0
35,NaCl_1264_wo_rw_run2,0
36,NaCl_1264_wo_rw_run2,0
37,NaCl_1264_wo_rw_run2,0
38,NaCl_1264_wo_rw_run2,0
39,NaCl_1264_wo_rw_run2,0
40,NaCl_1264_wo_rw_run2,0
41,NaCl_1264_wo_rw_run2,0
42,NaCl_1264_wo_rw_run2,9
43,NaCl_1264_wo_rw_run2,10
44,NaCl_1264_wo_rw_run2,0
45,NaCl_1264_wo_rw_run2,8
46,NaCl_1264_wo_rw_run2,10
47,NaCl_1264_wo_rw_run2,0
48,NaCl_1264_wo_rw_run2,0
49,NaCl_1264_wo_rw_run2,0
50,NaCl_1264_wo_rw_run2,0
51,NaCl_1264_wo_rw_run2,0
52,NaCl_1264_wo_rw_run2,0
53,NaCl_1264_wo_rw_run2,4
54,NaCl_1264_wo_rw_run2,0
55,NaCl_1264_wo_rw_run2,3
56,NaCl_1264_wo_rw_run2,10
57,NaCl_1264_wo_rw_run2,0
58,NaCl_1264_wo_rw_run2,0
59,NaCl_1264_wo_rw_run2,0
60,NaCl_1264_wo_rw_run2,0
61,NaCl_1264_wo_rw_run2,0
62,NaCl_1264_wo_rw_run2,3
63,NaCl_1264_wo_rw_run2,3
64,NaCl_1264_wo_rw_run2,0
65,NaCl_1264_wo_rw_run2,0
66,NaCl_1264_wo_rw_run2,0
67,NaCl_1264_wo_rw_run2,0
68,NaCl_1264_wo_rw_run2,0
69,NaCl_1264_wo_rw_run2,0
70,NaCl_1264_wo_rw_run2,7
71,NaCl_1264_wo_rw_run2,0
72,NaCl_1264_wo_rw_run2,0
73,NaCl_1264_wo_rw_run2,0
74,NaCl_1264_wo_rw_run2,3
75,NaCl_1264_wo_rw_run2,4
76,NaCl_1264_wo_rw_run2,0
77,NaCl_1264_wo_rw_run2,0
78,NaCl_1264_wo_rw_run2,0
79,NaCl_1264_wo_rw_run2,0
80,NaCl_1264_wo_rw_run2,0
81,NaCl_1264_wo_rw_run2,0
82,NaCl_1264_wo_rw_run2,0
83,NaCl_1264_wo_rw_run2,0
84,NaCl_1264_wo_rw_run2,1
85,NaCl_1264_wo_rw_run2,0
86,NaCl_1264_wo_rw_run2,0
87,NaCl_1264_wo_rw_run2,0
88,NaCl_1264_wo_rw_run2,1
89,NaCl_1264_wo_rw_run2,0
90,NaCl_1264_wo_rw_run2,2
91,NaCl_1264_wo_rw_run2,1
92,NaCl_1264_wo_rw_run2,1
93,NaCl_1264_wo_rw_run2,1
94,NaCl_1264_wo_rw_run2,1
95,NaCl_1264_wo_rw_run2,2
96,NaCl_1264_wo_rw_run2,2
97,NaCl_1264_wo_rw_run2,11
98,NaCl_1264_wo_rw_run2,1
99,NaCl_1264_wo_rw_run2,1
100,NaCl_1264_wo_rw_run2,0
101,NaCl_1264_wo_rw_run2,0
102,NaCl_1264_wo_rw_run2,0
103,NaCl_1264_wo_rw_run2,0
104,NaCl_1264_wo_rw_run2,0
105,NaCl_1264_wo_rw_run2,0
106,NaCl_1264_wo_rw_run2,0
107,NaCl_1264_wo_rw_run2,0
108,NaCl_1264_wo_rw_run2,3
109,NaCl_1264_wo_rw_run2,0
110,NaCl_1264_wo_rw_run2,0
111,NaCl_1264_wo_rw_run2,0
112,NaCl_1264_wo_rw_run2,0
113,NaCl_1264_wo_rw_run2,6
114,NaCl_1264_wo_rw_run2,5
115,NaCl_1264_wo_rw_run2,4
116,NaCl_1264_wo_rw_run2,5
117,NaCl_1264_wo_rw_run2,4
118,NaCl_1264_wo_rw_run2,3
119,NaCl_1264_wo_rw_run2,7
120,NaCl_1264_wo_rw_run2,4
121,NaCl_1264_wo_rw_run2,5
122,NaCl_1264_wo_rw_run2,7
123,NaCl_1264_wo_rw_run2,6
124,NaCl_1264_wo_rw_run2,2
125,NaCl_1264_wo_rw_run2,6
126,NaCl_1264_wo_rw_run2,4
127,NaCl_1264_wo_rw_run2,4
128,NaCl_1264_wo_rw_run2,2
129,NaCl_1264_wo_rw_run2,2
130,NaCl_1264_wo_rw_run2,3
131,NaCl_1264_wo_rw_run2,1
132,NaCl_1264_wo_rw_run2,4
133,NaCl_1264_wo_rw_run2,3
134,NaCl_1264_wo_rw_run2,3
135,NaCl_1264_wo_rw_run2,2
136,NaCl_1264_wo_rw_run2,2
137,NaCl_1264_wo_rw_run2,2
138,NaCl_1264_wo_rw_run2,2
139,NaCl_1264_wo_rw_run2,2
140,NaCl_1264_wo_rw_run2,3
141,NaCl_1264_wo_rw_run2,2
142,NaCl_1264_wo_rw_run2,4
143,NaCl_1264_wo_rw_run2,2
144,NaCl_1264_wo_rw_run2,2
145,NaCl_1264_wo_rw_run2,0
146,NaCl_1264_wo_rw_run2,3
147,NaCl_1264_wo_rw_run2,2
148,NaCl_1264_wo_rw_run2,0
149,NaCl_1264_wo_rw_run2,1
150,NaCl_1264_wo_rw_run2,6
151,NaCl_1264_wo_rw_run2,7
152,NaCl_1264_wo_rw_run2,4
153,NaCl_1264_wo_rw_run2,6
154,NaCl_1264_wo_rw_run2,10
155,NaCl_1264_wo_rw_run2,10
156,NaCl_1264_wo_rw_run2,10
157,NaCl_1264_wo_rw_run2,5
158,NaCl_1264_wo_rw_run2,1
159,NaCl_1264_wo_rw_run2,1
160,NaCl_1264_wo_rw_run2,1
161,NaCl_1264_wo_rw_run2,2
162,NaCl_1264_wo_rw_run2,1
163,NaCl_1264_wo_rw_run2,4
164,NaCl_1264_wo_rw_run2,0
165,NaCl_1264_wo_rw_run2,0
166,NaCl_1264_wo_rw_run2,1
167,NaCl_1264_wo_rw_run2,10
168,NaCl_1264_wo_rw_run2,9
169,NaCl_1264_wo_rw_run2,0
170,NaCl_1264_wo_rw_run2,0
171,NaCl_1264_wo_rw_run2,7
172,NaCl_1264_wo_rw_run2,8
173,NaCl_1264_wo_rw_run2,1
174,NaCl_1264_wo_rw_run2,3
175,NaCl_1264_wo_rw_run2,3
176,NaCl_1264_wo_rw_run2,4
177,NaCl_1264_wo_rw_run2,1
178,NaCl_1264_wo_rw_run2,2
179,NaCl_1264_wo_rw_run2,1
180,NaCl_1264_wo_rw_run2,1
181,NaCl_1264_wo_rw_run2,5
182,NaCl_1264_wo_rw_run2,4
183,NaCl_1264_wo_rw_run2,2
184,NaCl_1264_wo_rw_run2,8
185,NaCl_1264_wo_rw_run2,2
186,NaCl_1264_wo_rw_run2,3
187,NaCl_1264_wo_rw_run2,10
188,NaCl_1264_wo_rw_run2,11
189,NaCl_1264_wo_rw_run2,6
190,NaCl_1264_wo_rw_run2,8
191,NaCl_1264_wo_rw_run2,5
192,NaCl_1264_wo_rw_run2,3
193,NaCl_1264_wo_rw_run2,2
194,NaCl_1264_wo_rw_run2,0
195,NaCl_1264_wo_rw_run2,1
196,NaCl_1264_wo_rw_run2,0
197,NaCl_1264_wo_rw_run2,0
198,NaCl_1264_wo_rw_run2,0
199,NaCl_1264_wo_rw_run2,0
200,NaCl_1264_wo_rw_run2,1
201,NaCl_1264_wo_rw_run2,0
202,NaCl_1264_wo_rw_run2,1
203,NaCl_1264_wo_rw_run2,0
204,NaCl_1264_wo_rw_run2,5
205,NaCl_1264_wo_rw_run2,0
206,NaCl_1264_wo_rw_run2,1
207,NaCl_1264_wo_rw_run2,0
208,NaCl_1264_wo_rw_run2,0
209,NaCl_1264_wo_rw_run2,0
210,NaCl_1264_wo_rw_run2,2
211,NaCl_1264_wo_rw_run2,1
212,NaCl_1264_wo_rw_run2,1
213,NaCl_1264_wo_rw_run2,1
214,NaCl_1264_wo_rw_run2,0
215,NaCl_1264_wo_rw_run2,1
216,NaCl_1264_wo_rw_run2,0
217,NaCl_1264_wo_rw_run2,0
218,NaCl_1264_wo_rw_run2,0
219,NaCl_1264_wo_rw_run2,1
220,NaCl_1264_wo_rw_run2,2
221,NaCl_1264_wo_rw_run2,0
222,NaCl_1264_wo_rw_run2,1
223,NaCl_1264_wo_rw_run2,0
224,NaCl_1264_wo_rw_run2,0
225,NaCl_1264_wo_rw_run2,0
226,NaCl_1264_wo_rw_run2,0
227,NaCl_1264_wo_rw_run2,1
228,NaCl_1264_wo_rw_run2,5
229,NaCl_1264_wo_rw_run2,0
230,NaCl_1264_wo_rw_run2,2
231,NaCl_1264_wo_rw_run2,0
232,NaCl_1264_wo_rw_run2,2
233,NaCl_1264_wo_rw_run2,0
234,NaCl_1264_wo_rw_run2,3
235,NaCl_1264_wo_rw_run2,1
236,NaCl_1264_wo_rw_run2,2
237,NaCl_1264_wo_rw_run2,1
238,NaCl_1264_wo_rw_run2,1
239,NaCl_1264_wo_rw_run2,0
240,NaCl_1264_wo_rw_run2,0
241,NaCl_1264_wo_rw_run2,0
242,NaCl_1264_wo_rw_run2,0
243,NaCl_1264_wo_rw_run2,0
244,NaCl_1264_wo_rw_run2,0
245,NaCl_1264_wo_rw_run2,1
246,NaCl_1264_wo_rw_run2,1
247,NaCl_1264_wo_rw_run2,11
248,NaCl_1264_wo_rw_run2,8
249,NaCl_1264_wo_rw_run2,2
250,NaCl_1264_wo_rw_run2,8
251,NaCl_1264_wo_rw_run2,7
252,NaCl_1264_wo_rw_run2,1
253,NaCl_1264_wo_rw_run2,1
254,NaCl_1264_wo_rw_run2,0
255,NaCl_1264_wo_rw_run2,0
256,NaCl_1264_wo_rw_run2,0
257,NaCl_1264_wo_rw_run2,1
258,NaCl_1264_wo_rw_run2,0
259,NaCl_1264_wo_rw_run2,0
260,NaCl_1264_wo_rw_run2,4
261,NaCl_1264_wo_rw_run2,0
262,NaCl_1264_wo_rw_run2,0
263,NaCl_1264_wo_rw_run2,3
264,NaCl_1264_wo_rw_run2,0
265,NaCl_1264_wo_rw_run2,1
266,NaCl_1264_wo_rw_run2,0
267,NaCl_1264_wo_rw_run2,0
268,NaCl_1264_wo_rw_run2,0
269,NaCl_1264_wo_rw_run2,3
270,NaCl_1264_wo_rw_run2,0
271,NaCl_1264_wo_rw_run2,1
272,NaCl_1264_wo_rw_run2,3
273,NaCl_1264_wo_rw_run2,4
274,NaCl_1264_wo_rw_run2,5
275,NaCl_1264_wo_rw_run2,4
276,NaCl_1264_wo_rw_run2,6
277,NaCl_1264_wo_rw_run2,3
278,NaCl_1264_wo_rw_run2,4
279,NaCl_1264_wo_rw_run2,4
280,NaCl_1264_wo_rw_run2,0
281,NaCl_1264_wo_rw_run2,1
282,NaCl_1264_wo_rw_run2,1
283,NaCl_1264_wo_rw_run2,0
284,NaCl_1264_wo_rw_run2,2
285,NaCl_1264_wo_rw_run2,0
286,NaCl_1264_wo_rw_run2,0
287,NaCl_1264_wo_rw_run2,2
288,NaCl_1264_wo_rw_run2,0
289,NaCl_1264_wo_rw_run2,0
290,NaCl_1264_wo_rw_run2,0
291,NaCl_1264_wo_rw_run2,0
292,NaCl_1264_wo_rw_run2,0
293,NaCl_1264_wo_rw_run2,0
294,NaCl_1264_wo_rw_run2,0
295,NaCl_1264_wo_rw_run2,0
296,NaCl_1264_wo_rw_run2,1
297,NaCl_1264_wo_rw_run2,2
298,NaCl_1264_wo_rw_run2,1
299,NaCl_1264_wo_rw_run2,0
300,NaCl_1264_wo_rw_run2,0
301,NaCl_1264_wo_rw_run2,1
302,NaCl_1264_wo_rw_run2,0
303,NaCl_1264_wo_rw_run2,1
304,NaCl_1264_wo_rw_run2,0
305,NaCl_1264_wo_rw_run2,0
306,NaCl_1264_wo_rw_run2,0
307,NaCl_1264_wo_rw_run2,0
308,NaCl_1264_wo_rw_run2,0
309,NaCl_1264_wo_rw_run2,1
310,NaCl_1264_wo_rw_run2,0
311,NaCl_1264_wo_rw_run2,0
312,NaCl_1264_wo_rw_run2,0
313,NaCl_1264_wo_rw_run2,0
314,NaCl_1264_wo_rw_run2,1
315,NaCl_1264_wo_rw_run2,0
316,NaCl_1264_wo_rw_run2,2
317,NaCl_1264_wo_rw_run2,1
318,NaCl_1264_wo_rw_run2,0
319,NaCl_1264_wo_rw_run2,1
320,NaCl_1264_wo_rw_run2,1
321,NaCl_1264_wo_rw_run2,0
322,NaCl_1264_wo_rw_run2,0
323,NaCl_1264_wo_rw_run2,0
324,NaCl_1264_wo_rw_run2,1
325,NaCl_1264_wo_rw_run2,0
326,NaCl_1264_wo_rw_run2,0
327,NaCl_1264_wo_rw_run2,1
328,NaCl_1264_wo_rw_run2,1
329,NaCl_1264_wo_rw_run2,0
330,NaCl_1264_wo_rw_run2,0
331,NaCl_1264_wo_rw_run2,1
332,NaCl_1264_wo_rw_run2,0
333,NaCl_1264_wo_rw_run2,0
334,NaCl_1264_wo_rw_run2,0
335,NaCl_1264_wo_rw_run2,0
336,NaCl_1264_wo_rw_run2,1
337,NaCl_1264_wo_rw_run2,0
338,NaCl_1264_wo_rw_run2,0
339,NaCl_1264_wo_rw_run2,1
340,NaCl_1264_wo_rw_run2,0
341,NaCl_1264_wo_rw_run2,1
342,NaCl_1264_wo_rw_run2,3
343,NaCl_1264_wo_rw_run2,0
344,NaCl_1264_wo_rw_run2,1
345,NaCl_1264_wo_rw_run2,0
346,NaCl_1264_wo_rw_run2,1
347,NaCl_1264_wo_rw_run2,0
348,NaCl_1264_wo_rw_run2,2
349,NaCl_1264_wo_rw_run2,1
350,NaCl_1264_wo_rw_run2,0
351,NaCl_1264_wo_rw_run2,2
352,NaCl_1264_wo_rw_run2,4
353,NaCl_1264_wo_rw_run2,2
354,NaCl_1264_wo_rw_run2,4
355,NaCl_1264_wo_rw_run2,2
356,NaCl_1264_wo_rw_run2,1
357,NaCl_1264_wo_rw_run2,1
358,NaCl_1264_wo_rw_run2,4
359,NaCl_1264_wo_rw_run2,1
360,NaCl_1264_wo_rw_run2,2
361,NaCl_1264_wo_rw_run2,1
362,NaCl_1264_wo_rw_run2,0
363,NaCl_1264_wo_rw_run2,0
364,NaCl_1264_wo_rw_run2,3
365,NaCl_1264_wo_rw_run2,0
366,NaCl_1264_wo_rw_run2,1
367,NaCl_1264_wo_rw_run2,3
368,NaCl_1264_wo_rw_run2,1
369,NaCl_1264_wo_rw_run2,1
370,NaCl_1264_wo_rw_run2,2
371,NaCl_1264_wo_rw_run2,0
372,NaCl_1264_wo_rw_run2,0
373,NaCl_1264_wo_rw_run2,0
374,NaCl_1264_wo_rw_run2,0
375,NaCl_1264_wo_rw_run2,0
376,NaCl_1264_wo_rw_run2,1
377,NaCl_1264_wo_rw_run2,0
378,NaCl_1264_wo_rw_run2,1
379,NaCl_1264_wo_rw_run2,0
380,NaCl_1264_wo_rw_run2,0
381,NaCl_1264_wo_rw_run2,1
382,NaCl_1264_wo_rw_run2,2
383,NaCl_1264_wo_rw_run2,4
384,NaCl_1264_wo_rw_run2,11
385,NaCl_1264_wo_rw_run2,3
386,NaCl_1264_wo_rw_run2,1
387,NaCl_1264_wo_rw_run2,3
388,NaCl_1264_wo_rw_run2,2
389,NaCl_1264_wo_rw_run2,1
390,NaCl_1264_wo_rw_run2,3
391,NaCl_1264_wo_rw_run2,3
392,NaCl_1264_wo_rw_run2,4
393,NaCl_1264_wo_rw_run2,1
394,NaCl_1264_wo_rw_run2,0
395,NaCl_1264_wo_rw_run2,0
396,NaCl_1264_wo_rw_run2,0
397,NaCl_1264_wo_rw_run2,7
398,NaCl_1264_wo_rw_run2,2
399,NaCl_1264_wo_rw_run2,1
400,NaCl_1264_wo_rw_run2,4
401,NaCl_1264_wo_rw_run2,3
402,NaCl_1264_wo_rw_run2,3
403,NaCl_1264_wo_rw_run2,2
404,NaCl_1264_wo_rw_run2,5
405,NaCl_1264_wo_rw_run2,1
406,NaCl_1264_wo_rw_run2,1
407,NaCl_1264_wo_rw_run2,1
408,NaCl_1264_wo_rw_run2,0
409,NaCl_1264_wo_rw_run2,1
410,NaCl_1264_wo_rw_run2,0
411,NaCl_1264_wo_rw_run2,2
412,NaCl_1264_wo_rw_run2,0
413,NaCl_1264_wo_rw_run2,0
414,NaCl_1264_wo_rw_run2,0
415,NaCl_1264_wo_rw_run2,0
416,NaCl_1264_wo_rw_run2,1
417,NaCl_1264_wo_rw_run2,2
418,NaCl_1264_wo_rw_run2,5
419,NaCl_1264_wo_rw_run2,5
420,NaCl_1264_wo_rw_run2,1
421,NaCl_1264_wo_rw_run2,0
422,NaCl_1264_wo_rw_run2,1
423,NaCl_1264_wo_rw_run2,0
424,NaCl_1264_wo_rw_run2,0
425,NaCl_1264_wo_rw_run2,0
426,NaCl_1264_wo_rw_run2,1
427,NaCl_1264_wo_rw_run2,3
428,NaCl_1264_wo_rw_run2,1
429,NaCl_1264_wo_rw_run2,1
430,NaCl_1264_wo_rw_run2,2
431,NaCl_1264_wo_rw_run2,1
432,NaCl_1264_wo_rw_run2,0
433,NaCl_1264_wo_rw_run2,0
434,NaCl_1264_wo_rw_run2,1
435,NaCl_1264_wo_rw_run2,0
436,NaCl_1264_wo_rw_run2,0
437,NaCl_1264_wo_rw_run2,1
438,NaCl_1264_wo_rw_run2,0
439,NaCl_1264_wo_rw_run2,1
440,NaCl_1264_wo_rw_run2,0
441,NaCl_1264_wo_rw_run2,0
442,NaCl_1264_wo_rw_run2,1
443,NaCl_1264_wo_rw_run2,0
444,NaCl_1264_wo_rw_run2,2
445,NaCl_1264_wo_rw_run2,0
446,NaCl_1264_wo_rw_run2,0
447,NaCl_1264_wo_rw_run2,0
448,NaCl_1264_wo_rw_run2,0
449,NaCl_1264_wo_rw_run2,0
450,NaCl_1264_wo_rw_run2,0
451,NaCl_1264_wo_rw_run2,0
452,NaCl_1264_wo_rw_run2,1
453,NaCl_1264_wo_rw_run2,2
454,NaCl_1264_wo_rw_run2,1
455,NaCl_1264_wo_rw_run2,3
456,NaCl_1264_wo_rw_run2,0
457,NaCl_1264_wo_rw_run2,0
458,NaCl_1264_wo_rw_run2,0
459,NaCl_1264_wo_rw_run2,0
460,NaCl_1264_wo_rw_run2,0
461,NaCl_1264_wo_rw_run2,0
462,NaCl_1264_wo_rw_run2,0
463,NaCl_1264_wo_rw_run2,0
464,NaCl_1264_wo_rw_run2,0
465,NaCl_1264_wo_rw_run2,0
466,NaCl_1264_wo_rw_run2,0
467,NaCl_1264_wo_rw_run2,0
468,NaCl_1264_wo_rw_run2,2
469,NaCl_1264_wo_rw_run2,0
470,NaCl_1264_wo_rw_run2,1
471,NaCl_1264_wo_rw_run2,3
472,NaCl_1264_wo_rw_run2,1
473,NaCl_1264_wo_rw_run2,4
474,NaCl_1264_wo_rw_run2,3
475,NaCl_1264_wo_rw_run2,5
476,NaCl_1264_wo_rw_run2,5
477,NaCl_1264_wo_rw_run2,6
478,NaCl_1264_wo_rw_run2,5
479,NaCl_1264_wo_rw_run2,1
480,NaCl_1264_wo_rw_run2,1
481,NaCl_1264_wo_rw_run2,0
482,NaCl_1264_wo_rw_run2,0
483,NaCl_1264_wo_rw_run2,0
484,NaCl_1264_wo_rw_run2,0
485,NaCl_1264_wo_rw_run2,0
486,NaCl_1264_wo_rw_run2,3
487,NaCl_1264_wo_rw_run2,4
488,NaCl_1264_wo_rw_run2,1
489,NaCl_1264_wo_rw_run2,7
490,NaCl_1264_wo_rw_run2,2
491,NaCl_1264_wo_rw_run2,3
492,NaCl_1264_wo_rw_run2,1
493,NaCl_1264_wo_rw_run2,8
494,NaCl_1264_wo_rw_run2,4
495,NaCl_1264_wo_rw_run2,7
496,NaCl_1264_wo_rw_run2,9
497,NaCl_1264_wo_rw_run2,1
498,NaCl_1264_wo_rw_run2,9
499,NaCl_1264_wo_rw_run2,3
500,NaCl_1264_wo_rw_run2,2
501,NaCl_1264_wo_rw_run2,0
502,NaCl_1264_wo_rw_run2,1
503,NaCl_1264_wo_rw_run2,0
504,NaCl_1264_wo_rw_run2,0
505,NaCl_1264_wo_rw_run2,0
506,NaCl_1264_wo_rw_run2,1
507,NaCl_1264_wo_rw_run2,0
508,NaCl_1264_wo_rw_run2,1
509,NaCl_1264_wo_rw_run2,0
510,NaCl_1264_wo_rw_run2,0
511,NaCl_1264_wo_rw_run2,0
512,NaCl_1264_wo_rw_run2,1
513,NaCl_1264_wo_rw_run2,0
514,NaCl_1264_wo_rw_run2,3
515,NaCl_1264_wo_rw_run2,3
516,NaCl_1264_wo_rw_run2,1
517,NaCl_1264_wo_rw_run2,4
518,NaCl_1264_wo_rw_run2,0
519,NaCl_1264_wo_rw_run2,0
520,NaCl_1264_wo_rw_run2,0
521,NaCl_1264_wo_rw_run2,0
522,NaCl_1264_wo_rw_run2,0
523,NaCl_1264_wo_rw_run2,1
524,NaCl_1264_wo_rw_run2,2
525,NaCl_1264_wo_rw_run2,1
526,NaCl_1264_wo_rw_run2,1
527,NaCl_1264_wo_rw_run2,2
528,NaCl_1264_wo_rw_run2,0
529,NaCl_1264_wo_rw_run2,0
530,NaCl_1264_wo_rw_run2,2
531,NaCl_1264_wo_rw_run2,3
532,NaCl_1264_wo_rw_run2,6
533,NaCl_1264_wo_rw_run2,2
534,NaCl_1264_wo_rw_run2,5
535,NaCl_1264_wo_rw_run2,6
536,NaCl_1264_wo_rw_run2,3
537,NaCl_1264_wo_rw_run2,6
538,NaCl_1264_wo_rw_run2,0
539,NaCl_1264_wo_rw_run2,1
540,NaCl_1264_wo_rw_run2,0
541,NaCl_1264_wo_rw_run2,1
542,NaCl_1264_wo_rw_run2,1
543,NaCl_1264_wo_rw_run2,1
544,NaCl_1264_wo_rw_run2,1
545,NaCl_1264_wo_rw_run2,1
546,NaCl_1264_wo_rw_run2,0
547,NaCl_1264_wo_rw_run2,0
548,NaCl_1264_wo_rw_run2,0
549,NaCl_1264_wo_rw_run2,0
550,NaCl_1264_wo_rw_run2,0
551,NaCl_1264_wo_rw_run2,0
552,NaCl_1264_wo_rw_run2,0
553,NaCl_1264_wo_rw_run2,0
554,NaCl_1264_wo_rw_run2,0
555,NaCl_1264_wo_rw_run2,1
556,NaCl_1264_wo_rw_run2,0
557,NaCl_1264_wo_rw_run2,0
558,NaCl_1264_wo_rw_run2,2
559,NaCl_1264_wo_rw_run2,0
560,NaCl_1264_wo_rw_run2,0
561,NaCl_1264_wo_rw_run2,0
562,NaCl_1264_wo_rw_run2,0
563,NaCl_1264_wo_rw_run2,0
564,NaCl_1264_wo_rw_run2,0
565,NaCl_1264_wo_rw_run2,0
566,NaCl_1264_wo_rw_run2,1
567,NaCl_1264_wo_rw_run2,9
568,NaCl_1264_wo_rw_run2,14
569,NaCl_1264_wo_rw_run2,4
570,NaCl_1264_wo_rw_run2,2
571,NaCl_1264_wo_rw_run2,0
572,NaCl_1264_wo_rw_run2,1
573,NaCl_1264_wo_rw_run2,0
574,NaCl_1264_wo_rw_run2,0
575,NaCl_1264_wo_rw_run2,0
576,NaCl_1264_wo_rw_run2,1
577,NaCl_1264_wo_rw_run2,5
578,NaCl_1264_wo_rw_run2,0
579,NaCl_1264_wo_rw_run2,0
580,NaCl_1264_wo_rw_run2,1
581,NaCl_1264_wo_rw_run2,0
582,NaCl_1264_wo_rw_run2,0
583,NaCl_1264_wo_rw_run2,0
584,NaCl_1264_wo_rw_run2,0
585,NaCl_1264_wo_rw_run2,0
586,NaCl_1264_wo_rw_run2,2
587,NaCl_1264_wo_rw_run2,0
588,NaCl_1264_wo_rw_run2,1
589,NaCl_1264_wo_rw_run2,1
590,NaCl_1264_wo_rw_run2,0
591,NaCl_1264_wo_rw_run2,0
592,NaCl_1264_wo_rw_run2,2
593,NaCl_1264_wo_rw_run2,1
594,NaCl_1264_wo_rw_run2,2
595,NaCl_1264_wo_rw_run2,1
596,NaCl_1264_wo_rw_run2,2
597,NaCl_1264_wo_rw_run2,6
598,NaCl_1264_wo_rw_run2,0
599,NaCl_1264_wo_rw_run2,1
600,NaCl_1264_wo_rw_run2,1
601,NaCl_1264_wo_rw_run2,1
602,NaCl_1264_wo_rw_run2,2
603,NaCl_1264_wo_rw_run2,0
604,NaCl_1264_wo_rw_run2,1
605,NaCl_1264_wo_rw_run2,2
606,NaCl_1264_wo_rw_run2,0
607,NaCl_1264_wo_rw_run2,1
608,NaCl_1264_wo_rw_run2,0
609,NaCl_1264_wo_rw_run2,0
610,NaCl_1264_wo_rw_run2,1
611,NaCl_1264_wo_rw_run2,1
612,NaCl_1264_wo_rw_run2,0
613,NaCl_1264_wo_rw_run2,7
614,NaCl_1264_wo_rw_run2,0
615,NaCl_1264_wo_rw_run2,1
616,NaCl_1264_wo_rw_run2,5
617,NaCl_1264_wo_rw_run2,0
618,NaCl_1264_wo_rw_run2,0
619,NaCl_1264_wo_rw_run2,8
620,NaCl_1264_wo_rw_run2,3
621,NaCl_1264_wo_rw_run2,7
622,NaCl_1264_wo_rw_run2,2
623,NaCl_1264_wo_rw_run2,3
624,NaCl_1264_wo_rw_run2,6
625,NaCl_1264_wo_rw_run2,5
626,NaCl_1264_wo_rw_run2,0
627,NaCl_1264_wo_rw_run2,0
628,NaCl_1264_wo_rw_run2,2
629,NaCl_1264_wo_rw_run2,0
630,NaCl_1264_wo_rw_run2,0
631,NaCl_1264_wo_rw_run2,1
632,NaCl_1264_wo_rw_run2,2
633,NaCl_1264_wo_rw_run2,2
634,NaCl_1264_wo_rw_run2,2
635,NaCl_1264_wo_rw_run2,1
636,NaCl_1264_wo_rw_run2,3
637,NaCl_1264_wo_rw_run2,11
638,NaCl_1264_wo_rw_run2,1
639,NaCl_1264_wo_rw_run2,2
640,NaCl_1264_wo_rw_run2,1
641,NaCl_1264_wo_rw_run2,1
642,NaCl_1264_wo_rw_run2,1
643,NaCl_1264_wo_rw_run2,2
644,NaCl_1264_wo_rw_run2,2
645,NaCl_1264_wo_rw_run2,1
646,NaCl_1264_wo_rw_run2,4
647,NaCl_1264_wo_rw_run2,2
648,NaCl_1264_wo_rw_run2,1
649,NaCl_1264_wo_rw_run2,5
650,NaCl_1264_wo_rw_run2,1
651,NaCl_1264_wo_rw_run2,2
652,NaCl_1264_wo_rw_run2,2
653,NaCl_1264_wo_rw_run2,0
654,NaCl_1264_wo_rw_run2,3
655,NaCl_1264_wo_rw_run2,1
656,NaCl_1264_wo_rw_run2,1
657,NaCl_1264_wo_rw_run2,0
658,NaCl_1264_wo_rw_run2,9
659,NaCl_1264_wo_rw_run2,3
660,NaCl_1264_wo_rw_run2,1
661,NaCl_1264_wo_rw_run2,5
662,NaCl_1264_wo_rw_run2,3
663,NaCl_1264_wo_rw_run2,0
664,NaCl_1264_wo_rw_run2,3
665,NaCl_1264_wo_rw_run2,1
666,NaCl_1264_wo_rw_run2,11
667,NaCl_1264_wo_rw_run2,10
668,NaCl_1264_wo_rw_run2,8
669,NaCl_1264_wo_rw_run2,9
670,NaCl_1264_wo_rw_run2,3
671,NaCl_1264_wo_rw_run2,1
672,NaCl_1264_wo_rw_run2,1
673,NaCl_1264_wo_rw_run2,5
674,NaCl_1264_wo_rw_run2,8
675,NaCl_1264_wo_rw_run2,12
676,NaCl_1264_wo_rw_run2,12
677,NaCl_1264_wo_rw_run2,6
678,NaCl_1264_wo_rw_run2,2
679,NaCl_1264_wo_rw_run2,0
680,NaCl_1264_wo_rw_run2,4
681,NaCl_1264_wo_rw_run2,1
682,NaCl_1264_wo_rw_run2,3
683,NaCl_1264_wo_rw_run2,1
684,NaCl_1264_wo_rw_run2,1
685,NaCl_1264_wo_rw_run2,5
686,NaCl_1264_wo_rw_run2,5
687,NaCl_1264_wo_rw_run2,3
688,NaCl_1264_wo_rw_run2,1
689,NaCl_1264_wo_rw_run2,1
690,NaCl_1264_wo_rw_run2,4
691,NaCl_1264_wo_rw_run2,2
692,NaCl_1264_wo_rw_run2,11
693,NaCl_1264_wo_rw_run2,7
694,NaCl_1264_wo_rw_run2,8
695,NaCl_1264_wo_rw_run2,9
696,NaCl_1264_wo_rw_run2,1
697,NaCl_1264_wo_rw_run2,6
698,NaCl_1264_wo_rw_run2,2
699,NaCl_1264_wo_rw_run2,2
700,NaCl_1264_wo_rw_run2,1
701,NaCl_1264_wo_rw_run2,3
702,NaCl_1264_wo_rw_run2,1
703,NaCl_1264_wo_rw_run2,0
704,NaCl_1264_wo_rw_run2,1
705,NaCl_1264_wo_rw_run2,1
706,NaCl_1264_wo_rw_run2,4
707,NaCl_1264_wo_rw_run2,3
708,NaCl_1264_wo_rw_run2,3
709,NaCl_1264_wo_rw_run2,2
710,NaCl_1264_wo_rw_run2,3
711,NaCl_1264_wo_rw_run2,1
712,NaCl_1264_wo_rw_run2,0
713,NaCl_1264_wo_rw_run2,0
714,NaCl_1264_wo_rw_run2,3
715,NaCl_1264_wo_rw_run2,5
716,NaCl_1264_wo_rw_run2,11
717,NaCl_1264_wo_rw_run2,2
718,NaCl_1264_wo_rw_run2,1
719,NaCl_1264_wo_rw_run2,1
720,NaCl_1264_wo_rw_run2,0
721,NaCl_1264_wo_rw_run2,0
722,NaCl_1264_wo_rw_run2,2
723,NaCl_1264_wo_rw_run2,1
724,NaCl_1264_wo_rw_run2,1
725,NaCl_1264_wo_rw_run2,2
726,NaCl_1264_wo_rw_run2,1
727,NaCl_1264_wo_rw_run2,5
728,NaCl_1264_wo_rw_run2,6
729,NaCl_1264_wo_rw_run2,0
730,NaCl_1264_wo_rw_run2,2
731,NaCl_1264_wo_rw_run2,4
732,NaCl_1264_wo_rw_run2,1
733,NaCl_1264_wo_rw_run2,4
734,NaCl_1264_wo_rw_run2,3
735,NaCl_1264_wo_rw_run2,2
736,NaCl_1264_wo_rw_run2,4
737,NaCl_1264_wo_rw_run2,0
738,NaCl_1264_wo_rw_run2,0
739,NaCl_1264_wo_rw_run2,3
740,NaCl_1264_wo_rw_run2,3
741,NaCl_1264_wo_rw_run2,1
742,NaCl_1264_wo_rw_run2,0
743,NaCl_1264_wo_rw_run2,2
744,NaCl_1264_wo_rw_run2,1
745,NaCl_1264_wo_rw_run2,2
746,NaCl_1264_wo_rw_run2,0
747,NaCl_1264_wo_rw_run2,3
748,NaCl_1264_wo_rw_run2,4
749,NaCl_1264_wo_rw_run2,4
750,NaCl_1264_wo_rw_run2,3
751,NaCl_1264_wo_rw_run2,5
752,NaCl_1264_wo_rw_run2,7
753,NaCl_1264_wo_rw_run2,7
754,NaCl_1264_wo_rw_run2,2
755,NaCl_1264_wo_rw_run2,3
756,NaCl_1264_wo_rw_run2,0
757,NaCl_1264_wo_rw_run2,3
758,NaCl_1264_wo_rw_run2,4
759,NaCl_1264_wo_rw_run2,3
760,NaCl_1264_wo_rw_run2,0
761,NaCl_1264_wo_rw_run2,1
762,NaCl_1264_wo_rw_run2,3
763,NaCl_1264_wo_rw_run2,2
764,NaCl_1264_wo_rw_run2,1
765,NaCl_1264_wo_rw_run2,0
766,NaCl_1264_wo_rw_run2,1
767,NaCl_1264_wo_rw_run2,2
768,NaCl_1264_wo_rw_run2,1
769,NaCl_1264_wo_rw_run2,1
770,NaCl_1264_wo_rw_run2,0
771,NaCl_1264_wo_rw_run2,2
772,NaCl_1264_wo_rw_run2,0
773,NaCl_1264_wo_rw_run2,0
774,NaCl_1264_wo_rw_run2,0
775,NaCl_1264_wo_rw_run2,3
776,NaCl_1264_wo_rw_run2,1
777,NaCl_1264_wo_rw_run2,0
778,NaCl_1264_wo_rw_run2,1
779,NaCl_1264_wo_rw_run2,3
780,NaCl_1264_wo_rw_run2,2
781,NaCl_1264_wo_rw_run2,0
782,NaCl_1264_wo_rw_run2,0
783,NaCl_1264_wo_rw_run2,4
784,NaCl_1264_wo_rw_run2,4
785,NaCl_1264_wo_rw_run2,4
786,NaCl_1264_wo_rw_run2,1
787,NaCl_1264_wo_rw_run2,5
788,NaCl_1264_wo_rw_run2,5
789,NaCl_1264_wo_rw_run2,1
790,NaCl_1264_wo_rw_run2,6
791,NaCl_1264_wo_rw_run2,6
792,NaCl_1264_wo_rw_run2,5
793,NaCl_1264_wo_rw_run2,5
794,NaCl_1264_wo_rw_run2,0
795,NaCl_1264_wo_rw_run2,0
796,NaCl_1264_wo_rw_run2,2
797,NaCl_1264_wo_rw_run2,1
798,NaCl_1264_wo_rw_run2,0
799,NaCl_1264_wo_rw_run2,0
800,NaCl_1264_wo_rw_run2,0
801,NaCl_1264_wo_rw_run2,0
802,NaCl_1264_wo_rw_run2,0
803,NaCl_1264_wo_rw_run2,2
804,NaCl_1264_wo_rw_run2,0
805,NaCl_1264_wo_rw_run2,1
806,NaCl_1264_wo_rw_run2,0
807,NaCl_1264_wo_rw_run2,0
808,NaCl_1264_wo_rw_run2,1
809,NaCl_1264_wo_rw_run2,4
810,NaCl_1264_wo_rw_run2,2
811,NaCl_1264_wo_rw_run2,2
812,NaCl_1264_wo_rw_run2,3
813,NaCl_1264_wo_rw_run2,1
814,NaCl_1264_wo_rw_run2,1
815,NaCl_1264_wo_rw_run2,2
816,NaCl_1264_wo_rw_run2,1
817,NaCl_1264_wo_rw_run2,2
818,NaCl_1264_wo_rw_run2,1
819,NaCl_1264_wo_rw_run2,1
820,NaCl_1264_wo_rw_run2,1
821,NaCl_1264_wo_rw_run2,1
822,NaCl_1264_wo_rw_run2,1
823,NaCl_1264_wo_rw_run2,3
824,NaCl_1264_wo_rw_run2,1
825,NaCl_1264_wo_rw_run2,1
826,NaCl_1264_wo_rw_run2,4
827,NaCl_1264_wo_rw_run2,11
828,NaCl_1264_wo_rw_run2,0
829,NaCl_1264_wo_rw_run2,0
830,NaCl_1264_wo_rw_run2,2
831,NaCl_1264_wo_rw_run2,9
832,NaCl_1264_wo_rw_run2,0
833,NaCl_1264_wo_rw_run2,2
834,NaCl_1264_wo_rw_run2,0
835,NaCl_1264_wo_rw_run2,0
836,NaCl_1264_wo_rw_run2,2
837,NaCl_1264_wo_rw_run2,2
838,NaCl_1264_wo_rw_run2,1
839,NaCl_1264_wo_rw_run2,1
840,NaCl_1264_wo_rw_run2,0
841,NaCl_1264_wo_rw_run2,1
842,NaCl_1264_wo_rw_run2,0
843,NaCl_1264_wo_rw_run2,0
844,NaCl_1264_wo_rw_run2,0
845,NaCl_1264_wo_rw_run2,1
846,NaCl_1264_wo_rw_run2,2
847,NaCl_1264_wo_rw_run2,1
848,NaCl_1264_wo_rw_run2,2
849,NaCl_1264_wo_rw_run2,1
850,NaCl_1264_wo_rw_run2,2
851,NaCl_1264_wo_rw_run2,2
852,NaCl_1264_wo_rw_run2,2
853,NaCl_1264_wo_rw_run2,2
854,NaCl_1264_wo_rw_run2,2
855,NaCl_1264_wo_rw_run2,5
856,NaCl_1264_wo_rw_run2,1
857,NaCl_1264_wo_rw_run2,2
858,NaCl_1264_wo_rw_run2,3
859,NaCl_1264_wo_rw_run2,1
860,NaCl_1264_wo_rw_run2,2
861,NaCl_1264_wo_rw_run2,4
862,NaCl_1264_wo_rw_run2,1
863,NaCl_1264_wo_rw_run2,2
864,NaCl_1264_wo_rw_run2,1
865,NaCl_1264_wo_rw_run2,4
866,NaCl_1264_wo_rw_run2,1
867,NaCl_1264_wo_rw_run2,0
868,NaCl_1264_wo_rw_run2,1
869,NaCl_1264_wo_rw_run2,5
870,NaCl_1264_wo_rw_run2,5
871,NaCl_1264_wo_rw_run2,3
872,NaCl_1264_wo_rw_run2,2
873,NaCl_1264_wo_rw_run2,7
874,NaCl_1264_wo_rw_run2,3
875,NaCl_1264_wo_rw_run2,2
876,NaCl_1264_wo_rw_run2,0
877,NaCl_1264_wo_rw_run2,1
878,NaCl_1264_wo_rw_run2,1
879,NaCl_1264_wo_rw_run2,0
880,NaCl_1264_wo_rw_run2,4
881,NaCl_1264_wo_rw_run2,3
882,NaCl_1264_wo_rw_run2,3
883,NaCl_1264_wo_rw_run2,4
884,NaCl_1264_wo_rw_run2,6
885,NaCl_1264_wo_rw_run2,8
886,NaCl_1264_wo_rw_run2,7
887,NaCl_1264_wo_rw_run2,6
888,NaCl_1264_wo_rw_run2,8
889,NaCl_1264_wo_rw_run2,8
890,NaCl_1264_wo_rw_run2,5
891,NaCl_1264_wo_rw_run2,7
892,NaCl_1264_wo_rw_run2,5
893,NaCl_1264_wo_rw_run2,2
894,NaCl_1264_wo_rw_run2,5
895,NaCl_1264_wo_rw_run2,5
896,NaCl_1264_wo_rw_run2,5
897,NaCl_1264_wo_rw_run2,2
898,NaCl_1264_wo_rw_run2,2
899,NaCl_1264_wo_rw_run2,4
900,NaCl_1264_wo_rw_run2,0
901,NaCl_1264_wo_rw_run2,4
902,NaCl_1264_wo_rw_run2,6
903,NaCl_1264_wo_rw_run2,1
904,NaCl_1264_wo_rw_run2,1
905,NaCl_1264_wo_rw_run2,0
906,NaCl_1264_wo_rw_run2,1
907,NaCl_1264_wo_rw_run2,2
908,NaCl_1264_wo_rw_run2,1
909,NaCl_1264_wo_rw_run2,0
910,NaCl_1264_wo_rw_run2,2
911,NaCl_1264_wo_rw_run2,1
912,NaCl_1264_wo_rw_run2,4
913,NaCl_1264_wo_rw_run2,0
914,NaCl_1264_wo_rw_run2,7
915,NaCl_1264_wo_rw_run2,8
916,NaCl_1264_wo_rw_run2,8
917,NaCl_1264_wo_rw_run2,12
918,NaCl_1264_wo_rw_run2,9
919,NaCl_1264_wo_rw_run2,12
920,NaCl_1264_wo_rw_run2,17
921,NaCl_1264_wo_rw_run2,13
922,NaCl_1264_wo_rw_run2,2
923,NaCl_1264_wo_rw_run2,2
924,NaCl_1264_wo_rw_run2,4
925,NaCl_1264_wo_rw_run2,3
926,NaCl_1264_wo_rw_run2,6
927,NaCl_1264_wo_rw_run2,0
928,NaCl_1264_wo_rw_run2,3
929,NaCl_1264_wo_rw_run2,2
930,NaCl_1264_wo_rw_run2,0
931,NaCl_1264_wo_rw_run2,0
932,NaCl_1264_wo_rw_run2,1
933,NaCl_1264_wo_rw_run2,0
934,NaCl_1264_wo_rw_run2,0
935,NaCl_1264_wo_rw_run2,1
936,NaCl_1264_wo_rw_run2,0
937,NaCl_1264_wo_rw_run2,0
938,NaCl_1264_wo_rw_run2,0
939,NaCl_1264_wo_rw_run2,0
940,NaCl_1264_wo_rw_run2,1
941,NaCl_1264_wo_rw_run2,0
942,NaCl_1264_wo_rw_run2,1
943,NaCl_1264_wo_rw_run2,0
944,NaCl_1264_wo_rw_run2,1
945,NaCl_1264_wo_rw_run2,3
946,NaCl_1264_wo_rw_run2,5
947,NaCl_1264_wo_rw_run2,2
948,NaCl_1264_wo_rw_run2,3
949,NaCl_1264_wo_rw_run2,0
950,NaCl_1264_wo_rw_run2,0
951,NaCl_1264_wo_rw_run2,2
952,NaCl_1264_wo_rw_run2,0
953,NaCl_1264_wo_rw_run2,0
954,NaCl_1264_wo_rw_run2,4
955,NaCl_1264_wo_rw_run2,0
956,NaCl_1264_wo_rw_run2,0
957,NaCl_1264_wo_rw_run2,2
958,NaCl_1264_wo_rw_run2,0
959,NaCl_1264_wo_rw_run2,1
960,NaCl_1264_wo_rw_run2,0
961,NaCl_1264_wo_rw_run2,2
962,NaCl_1264_wo_rw_run2,0
963,NaCl_1264_wo_rw_run2,3
964,NaCl_1264_wo_rw_run2,2
965,NaCl_1264_wo_rw_run2,2
966,NaCl_1264_wo_rw_run2,3
967,NaCl_1264_wo_rw_run2,3
968,NaCl_1264_wo_rw_run2,4
969,NaCl_1264_wo_rw_run2,1
970,NaCl_1264_wo_rw_run2,3
971,NaCl_1264_wo_rw_run2,5
972,NaCl_1264_wo_rw_run2,2
973,NaCl_1264_wo_rw_run2,6
974,NaCl_1264_wo_rw_run2,1
975,NaCl_1264_wo_rw_run2,2
976,NaCl_1264_wo_rw_run2,1
977,NaCl_1264_wo_rw_run2,6
978,NaCl_1264_wo_rw_run2,3
979,NaCl_1264_wo_rw_run2,1
980,NaCl_1264_wo_rw_run2,6
981,NaCl_1264_wo_rw_run2,4
982,NaCl_1264_wo_rw_run2,0
983,NaCl_1264_wo_rw_run2,0
984,NaCl_1264_wo_rw_run2,9
985,NaCl_1264_wo_rw_run2,6
986,NaCl_1264_wo_rw_run2,5
987,NaCl_1264_wo_rw_run2,1
988,NaCl_1264_wo_rw_run2,4
989,NaCl_1264_wo_rw_run2,2
990,NaCl_1264_wo_rw_run2,0
991,NaCl_1264_wo_rw_run2,4
992,NaCl_1264_wo_rw_run2,4
993,NaCl_1264_wo_rw_run2,4
994,NaCl_1264_wo_rw_run2,3
995,NaCl_1264_wo_rw_run2,4
996,NaCl_1264_wo_rw_run2,0
997,NaCl_1264_wo_rw_run2,4
998,NaCl_1264_wo_rw_run2,3
999,NaCl_1264_wo_rw_run2,5
1000,NaCl_1264_wo_rw_run2,2
